Workbook

Sheet Inputs
A1: Excel Estimating Mini-Repo — Locale-Safe (EN formulas)
A3: Project ID | B3: PRJ-DEMO-ENSAFE-001 | D3: Lists | F3: Months
A4: Project Name | B4: Residential Pool + Outdoor Living (Demo)
A5: Client | B5: Demo Client | D5: Percent | F5: 2026-01
A6: Location | B6: USA | D6: Weekly | F6: 2026-02
A7: Estimate Date | B7: 2026-01-22 | F7: 2026-03
A8: Overhead Method | B8: Percent | D8: ASM-POOL-CORE | F8: 2026-04
A9: Overhead % | B9: 0.12 | D9: ASM-POOL-FIN | F9: 2026-05
A10: Weekly Indirects (USD) | B10: 1850 | D10: ASM-LAND | F10: 2026-06
A11: Duration (weeks) | B11: 8 | D11: ASM-LIGHT | F11: 2026-07
A12: Profit % | B12: 0.15 | D12: ASM-EQUIP | F12: 2026-08
A13: Tax % | B13: 0.07 | F13: 2026-09
F14: 2026-10
F15: 2026-11
F16: 2026-12

Sheet Items_DB
A1: Code | B1: Project_Type | C1: Category | D1: Description | E1: Unit | F1: Unit_Cost | G1: Notes
A2: EXC-001 | B2: Residential | C2: SitePrep | D2: Layout & site cleanup | E2: LS | F2: 850
A3: EXC-002 | B3: Residential | C3: Excavation | D3: Pool excavation | E3: CY | F3: 85
A4: RBR-001 | B4: Residential | C4: Structure | D4: Rebar supply & install | E4: LB | F4: 2.2
A5: GUN-001 | B5: Residential | C5: Structure | D5: Gunite/shotcrete | E5: SF | F5: 18.5
A6: PLM-001 | B6: Residential | C6: MEP | D6: Plumbing (rough-in) | E6: LS | F6: 1750
A7: ELC-001 | B7: Residential | C7: MEP | D7: Electrical (rough-in) | E7: LS | F7: 1450
A8: TIL-001 | B8: Residential | C8: Finishes | D8: Waterline tile | E8: LF | F8: 22
A9: COP-001 | B9: Residential | C9: Finishes | D9: Stone coping | E9: LF | F9: 38
A10: DEC-001 | B10: Residential | C10: Finishes | D10: Concrete deck | E10: SF | F10: 12.5
A11: EQT-001 | B11: Residential | C11: Equipment | D11: Pump + filter | E11: EA | F11: 2850
A12: LGT-001 | B12: Residential | C12: Lighting | D12: Pool LED lights | E12: EA | F12: 275
A13: PRM-001 | B13: Residential | C13: Permits | D13: Permits & inspections | E13: LS | F13: 650
... A26: EQT-005 | B26: Residential | C26: Equipment | D26: PVC pipe + fittings (avg) | E26: LF | F26: 4.25

Sheet Assemblies_DB
A1: Assembly_Code | B1: Assembly_Name | C1: Project_Type | D1: Seq | E1: Key | F1: Item_Code | G1: Factor_Qty | H1: Notes
A2: ASM-POOL-CORE | B2: Pool Core Package | C2: Residential | D2: 1 | E2: ASM-POOL-CORE|01 | F2: EXC-001 | G2: 1
A3: ASM-POOL-CORE | B3: Pool Core Package | C3: Residential | D3: 2 | E3: ASM-POOL-CORE|02 | F3: EXC-002 | G3: 35
A4: ASM-POOL-CORE | B4: Pool Core Package | C4: Residential | D4: 3 | E4: ASM-POOL-CORE|03 | F4: RBR-001 | G4: 1200
A5: ASM-POOL-CORE | B5: Pool Core Package | C5: Residential | D5: 4 | E5: ASM-POOL-CORE|04 | F5: GUN-001 | G5: 780
A6: ASM-POOL-CORE | B6: Pool Core Package | C6: Residential | D6: 5 | E6: ASM-POOL-CORE|05 | F6: PLM-001 | G6: 1
A7: ASM-POOL-CORE | B7: Pool Core Package | C7: Residential | D7: 6 | E7: ASM-POOL-CORE|06 | F7: ELC-001 | G7: 1
A8: ASM-POOL-FIN | B8: Pool Finishes Package | C8: Residential | D8: 1 | E8: ASM-POOL-FIN|01 | F8: TIL-001 | G8: 65
A9: ASM-POOL-FIN | B9: Pool Finishes Package | C9: Residential | D9: 2 | E9: ASM-POOL-FIN|02 | F9: COP-001 | G9: 65
A10: ASM-POOL-FIN | B10: Pool Finishes Package | C10: Residential | D10: 3 | E10: ASM-POOL-FIN|03 | F10: DEC-001 | G10: 520
A11: ASM-POOL-FIN | B11: Pool Finishes Package | C11: Residential | D11: 4 | E11: ASM-POOL-FIN|04 | F11: EQT-001 | G11: 1
A12: ASM-POOL-FIN | B12: Pool Finishes Package | C12: Residential | D12: 5 | E12: ASM-POOL-FIN|05 | F12: LGT-001 | G12: 2
A13: ASM-POOL-FIN | B13: Pool Finishes Package | C13: Residential | D13: 6 | E13: ASM-POOL-FIN|06 | F13: PRM-001 | G13: 1
... A28: ASM-EQUIP | B28: Pool Equipment Package | C28: Residential | D28: 5 | E28: ASM-EQUIP|05 | F28: EQT-005 | G28: 180

Sheet Assembly_Builder
A1: Assembly Builder — ROBUST (no arrays / no AGGREGATE)
A3: Assembly Code | B3: ASM-POOL-CORE
A4: Multiplier (Qty) | B4: 1
A7: Seq | B7: Item_Code | C7: Factor_Qty | D7: Qty | E7: Description | F7: Unit | G7: Unit_Cost | H7: Line_Total
A8: 1 | B8: =IFERROR(VLOOKUP($B$3&"|"&TEXT($A8,"00"),Assemblies_DB!$E$2:$G$500,2,FALSE),"") | C8: =IF($B8="","",IFERROR(VLOOKUP($B$3&"|"&TEXT($A8,"00"),Assemblies_DB!$E$2:$G$500,3,FALSE),"")) | D8: =IF($B8="","",$C8*$B$4) | E8: =IFERROR(VLOOKUP($B8,Items_DB!$A$2:$F$500,4,FALSE),"") | F8: =IFERROR(VLOOKUP($B8,Items_DB!$A$2:$F$500,5,FALSE),"") | G8: =IFERROR(VLOOKUP($B8,Items_DB!$A$2:$F$500,6,FALSE),0) | H8: =$D8*$G8
A9: 2 | B9: =IFERROR(VLOOKUP($B$3&"|"&TEXT($A9,"00"),Assemblies_DB!$E$2:$G$500,2,FALSE),"") | C9: =IF($B9="","",IFERROR(VLOOKUP($B$3&"|"&TEXT($A9,"00"),Assemblies_DB!$E$2:$G$500,3,FALSE),"")) | D9: =IF($B9="","",$C9*$B$4) | E9: =IFERROR(VLOOKUP($B9,Items_DB!$A$2:$F$500,4,FALSE),"") | F9: =IFERROR(VLOOKUP($B9,Items_DB!$A$2:$F$500,5,FALSE),"") | G9: =IFERROR(VLOOKUP($B9,Items_DB!$A$2:$F$500,6,FALSE),0) | H9: =$D9*$G9
A10: 3 | B10: =IFERROR(VLOOKUP($B$3&"|"&TEXT($A10,"00"),Assemblies_DB!$E$2:$G$500,2,FALSE),"") | C10: =IF($B10="","",IFERROR(VLOOKUP($B$3&"|"&TEXT($A10,"00"),Assemblies_DB!$E$2:$G$500,3,FALSE),"")) | D10: =IF($B10="","",$C10*$B$4) | E10: =IFERROR(VLOOKUP($B10,Items_DB!$A$2:$F$500,4,FALSE),"") | F10: =IFERROR(VLOOKUP($B10,Items_DB!$A$2:$F$500,5,FALSE),"") | G10: =IFERROR(VLOOKUP($B10,Items_DB!$A$2:$F$500,6,FALSE),0) | H10: =$D10*$G10
A11: 4 | B11: =IFERROR(VLOOKUP($B$3&"|"&TEXT($A11,"00"),Assemblies_DB!$E$2:$G$500,2,FALSE),"") | C11: =IF($B11="","",IFERROR(VLOOKUP($B$3&"|"&TEXT($A11,"00"),Assemblies_DB!$E$2:$G$500,3,FALSE),"")) | D11: =IF($B11="","",$C11*$B$4) | E11: =IFERROR(VLOOKUP($B11,Items_DB!$A$2:$F$500,4,FALSE),"") | F11: =IFERROR(VLOOKUP($B11,Items_DB!$A$2:$F$500,5,FALSE),"") | G11: =IFERROR(VLOOKUP($B11,Items_DB!$A$2:$F$500,6,FALSE),0) | H11: =$D11*$G11
A12: 5 | B12: =IFERROR(VLOOKUP($B$3&"|"&TEXT($A12,"00"),Assemblies_DB!$E$2:$G$500,2,FALSE),"") | C12: =IF($B12="","",IFERROR(VLOOKUP($B$3&"|"&TEXT($A12,"00"),Assemblies_DB!$E$2:$G$500,3,FALSE),"")) | D12: =IF($B12="","",$C12*$B$4) | E12: =IFERROR(VLOOKUP($B12,Items_DB!$A$2:$F$500,4,FALSE),"") | F12: =IFERROR(VLOOKUP($B12,Items_DB!$A$2:$F$500,5,FALSE),"") | G12: =IFERROR(VLOOKUP($B12,Items_DB!$A$2:$F$500,6,FALSE),0) | H12: =$D12*$G12
A13: 6 | B13: =IFERROR(VLOOKUP($B$3&"|"&TEXT($A13,"00"),Assemblies_DB!$E$2:$G$500,2,FALSE),"") | C13: =IF($B13="","",IFERROR(VLOOKUP($B$3&"|"&TEXT($A13,"00"),Assemblies_DB!$E$2:$G$500,3,FALSE),"")) | D13: =IF($B13="","",$C13*$B$4) | E13: =IFERROR(VLOOKUP($B13,Items_DB!$A$2:$F$500,4,FALSE),"") | F13: =IFERROR(VLOOKUP($B13,Items_DB!$A$2:$F$500,5,FALSE),"") | G13: =IFERROR(VLOOKUP($B13,Items_DB!$A$2:$F$500,6,FALSE),0) | H13: =$D13*$G13
A14: 7 | B14: =IFERROR(VLOOKUP($B$3&"|"&TEXT($A14,"00"),Assemblies_DB!$E$2:$G$500,2,FALSE),"") | C14: =IF($B14="","",IFERROR(VLOOKUP($B$3&"|"&TEXT($A14,"00"),Assemblies_DB!$E$2:$G$500,3,FALSE),"")) | D14: =IF($B14="","",$C14*$B$4) | E14: =IFERROR(VLOOKUP($B14,Items_DB!$A$2:$F$500,4,FALSE),"") | F14: =IFERROR(VLOOKUP($B14,Items_DB!$A$2:$F$500,5,FALSE),"") | G14: =IFERROR(VLOOKUP($B14,Items_DB!$A$2:$F$500,6,FALSE),0) | H14: =$D14*$G14
A15: 8 | B15: =IFERROR(VLOOKUP($B$3&"|"&TEXT($A15,"00"),Assemblies_DB!$E$2:$G$500,2,FALSE),"") | C15: =IF($B15="","",IFERROR(VLOOKUP($B$3&"|"&TEXT($A15,"00"),Assemblies_DB!$E$2:$G$500,3,FALSE),"")) | D15: =IF($B15="","",$C15*$B$4) | E15: =IFERROR(VLOOKUP($B15,Items_DB!$A$2:$F$500,4,FALSE),"") | F15: =IFERROR(VLOOKUP($B15,Items_DB!$A$2:$F$500,5,FALSE),"") | G15: =IFERROR(VLOOKUP($B15,Items_DB!$A$2:$F$500,6,FALSE),0) | H15: =$D15*$G15
A16: 9 | B16: =IFERROR(VLOOKUP($B$3&"|"&TEXT($A16,"00"),Assemblies_DB!$E$2:$G$500,2,FALSE),"") | C16: =IF($B16="","",IFERROR(VLOOKUP($B$3&"|"&TEXT($A16,"00"),Assemblies_DB!$E$2:$G$500,3,FALSE),"")) | D16: =IF($B16="","",$C16*$B$4) | E16: =IFERROR(VLOOKUP($B16,Items_DB!$A$2:$F$500,4,FALSE),"") | F16: =IFERROR(VLOOKUP($B16,Items_DB!$A$2:$F$500,5,FALSE),"") | G16: =IFERROR(VLOOKUP($B16,Items_DB!$A$2:$F$500,6,FALSE),0) | H16: =$D16*$G16
A17: 10 | B17: =IFERROR(VLOOKUP($B$3&"|"&TEXT($A17,"00"),Assemblies_DB!$E$2:$G$500,2,FALSE),"") | C17: =IF($B17="","",IFERROR(VLOOKUP($B$3&"|"&TEXT($A17,"00"),Assemblies_DB!$E$2:$G$500,3,FALSE),"")) | D17: =IF($B17="","",$C17*$B$4) | E17: =IFERROR(VLOOKUP($B17,Items_DB!$A$2:$F$500,4,FALSE),"") | F17: =IFERROR(VLOOKUP($B17,Items_DB!$A$2:$F$500,5,FALSE),"") | G17: =IFERROR(VLOOKUP($B17,Items_DB!$A$2:$F$500,6,FALSE),0) | H17: =$D17*$G17
A18: 11 | B18: =IFERROR(VLOOKUP($B$3&"|"&TEXT($A18,"00"),Assemblies_DB!$E$2:$G$500,2,FALSE),"") | C18: =IF($B18="","",IFERROR(VLOOKUP($B$3&"|"&TEXT($A18,"00"),Assemblies_DB!$E$2:$G$500,3,FALSE),"")) | D18: =IF($B18="","",$C18*$B$4) | E18: =IFERROR(VLOOKUP($B18,Items_DB!$A$2:$F$500,4,FALSE),"") | F18: =IFERROR(VLOOKUP($B18,Items_DB!$A$2:$F$500,5,FALSE),"") | G18: =IFERROR(VLOOKUP($B18,Items_DB!$A$2:$F$500,6,FALSE),0) | H18: =$D18*$G18
A19: 12 | B19: =IFERROR(VLOOKUP($B$3&"|"&TEXT($A19,"00"),Assemblies_DB!$E$2:$G$500,2,FALSE),"") | C19: =IF($B19="","",IFERROR(VLOOKUP($B$3&"|"&TEXT($A19,"00"),Assemblies_DB!$E$2:$G$500,3,FALSE),"")) | D19: =IF($B19="","",$C19*$B$4) | E19: =IFERROR(VLOOKUP($B19,Items_DB!$A$2:$F$500,4,FALSE),"") | F19: =IFERROR(VLOOKUP($B19,Items_DB!$A$2:$F$500,5,FALSE),"") | G19: =IFERROR(VLOOKUP($B19,Items_DB!$A$2:$F$500,6,FALSE),0) | H19: =$D19*$G19
... A32: 25 | B32: =IFERROR(VLOOKUP($B$3&"|"&TEXT($A32,"00"),Assemblies_DB!$E$2:$G$500,2,FALSE),"") | C32: =IF($B32="","",IFERROR(VLOOKUP($B$3&"|"&TEXT($A32,"00"),Assemblies_DB!$E$2:$G$500,3,FALSE),"")) | D32: =IF($B32="","",$C32*$B$4) | E32: =IFERROR(VLOOKUP($B32,Items_DB!$A$2:$F$500,4,FALSE),"") | F32: =IFERROR(VLOOKUP($B32,Items_DB!$A$2:$F$500,5,FALSE),"") | G32: =IFERROR(VLOOKUP($B32,Items_DB!$A$2:$F$500,6,FALSE),0) | H32: =$D32*$G32

Sheet Estimate
A1: Estimate
A7: Item_Code | B7: Description | C7: Unit | D7: Quantity | E7: Unit_Cost | F7: Line_Total | G7: Validation | H7: Month (YYYY-MM)
A8: EXC-001 | B8: =IFERROR(VLOOKUP($A8,Items_DB!$A$2:$F$500,4,FALSE),"") | C8: =IFERROR(VLOOKUP($A8,Items_DB!$A$2:$F$500,5,FALSE),"") | D8: 1 | E8: =IFERROR(VLOOKUP($A8,Items_DB!$A$2:$F$500,6,FALSE),0) | F8: =$D8*$E8 | G8: =IF(AND($A8="", $D8<>""),"Missing Code",IF(AND($A8<>"",$D8=""),"Missing Qty","OK")) | H8: 2026-01
A9: EXC-002 | B9: =IFERROR(VLOOKUP($A9,Items_DB!$A$2:$F$500,4,FALSE),"") | C9: =IFERROR(VLOOKUP($A9,Items_DB!$A$2:$F$500,5,FALSE),"") | D9: 35 | E9: =IFERROR(VLOOKUP($A9,Items_DB!$A$2:$F$500,6,FALSE),0) | F9: =$D9*$E9 | G9: =IF(AND($A9="", $D9<>""),"Missing Code",IF(AND($A9<>"",$D9=""),"Missing Qty","OK")) | H9: 2026-01
A10: RBR-001 | B10: =IFERROR(VLOOKUP($A10,Items_DB!$A$2:$F$500,4,FALSE),"") | C10: =IFERROR(VLOOKUP($A10,Items_DB!$A$2:$F$500,5,FALSE),"") | D10: 1200 | E10: =IFERROR(VLOOKUP($A10,Items_DB!$A$2:$F$500,6,FALSE),0) | F10: =$D10*$E10 | G10: =IF(AND($A10="", $D10<>""),"Missing Code",IF(AND($A10<>"",$D10=""),"Missing Qty","OK")) | H10: 2026-01
B11: =IFERROR(VLOOKUP($A11,Items_DB!$A$2:$F$500,4,FALSE),"") | C11: =IFERROR(VLOOKUP($A11,Items_DB!$A$2:$F$500,5,FALSE),"") | E11: =IFERROR(VLOOKUP($A11,Items_DB!$A$2:$F$500,6,FALSE),0) | F11: =$D11*$E11 | G11: =IF(AND($A11="", $D11<>""),"Missing Code",IF(AND($A11<>"",$D11=""),"Missing Qty","OK"))
B12: =IFERROR(VLOOKUP($A12,Items_DB!$A$2:$F$500,4,FALSE),"") | C12: =IFERROR(VLOOKUP($A12,Items_DB!$A$2:$F$500,5,FALSE),"") | E12: =IFERROR(VLOOKUP($A12,Items_DB!$A$2:$F$500,6,FALSE),0) | F12: =$D12*$E12 | G12: =IF(AND($A12="", $D12<>""),"Missing Code",IF(AND($A12<>"",$D12=""),"Missing Qty","OK"))
B13: =IFERROR(VLOOKUP($A13,Items_DB!$A$2:$F$500,4,FALSE),"") | C13: =IFERROR(VLOOKUP($A13,Items_DB!$A$2:$F$500,5,FALSE),"") | E13: =IFERROR(VLOOKUP($A13,Items_DB!$A$2:$F$500,6,FALSE),0) | F13: =$D13*$E13 | G13: =IF(AND($A13="", $D13<>""),"Missing Code",IF(AND($A13<>"",$D13=""),"Missing Qty","OK"))
B14: =IFERROR(VLOOKUP($A14,Items_DB!$A$2:$F$500,4,FALSE),"") | C14: =IFERROR(VLOOKUP($A14,Items_DB!$A$2:$F$500,5,FALSE),"") | E14: =IFERROR(VLOOKUP($A14,Items_DB!$A$2:$F$500,6,FALSE),0) | F14: =$D14*$E14 | G14: =IF(AND($A14="", $D14<>""),"Missing Code",IF(AND($A14<>"",$D14=""),"Missing Qty","OK"))
B15: =IFERROR(VLOOKUP($A15,Items_DB!$A$2:$F$500,4,FALSE),"") | C15: =IFERROR(VLOOKUP($A15,Items_DB!$A$2:$F$500,5,FALSE),"") | E15: =IFERROR(VLOOKUP($A15,Items_DB!$A$2:$F$500,6,FALSE),0) | F15: =$D15*$E15 | G15: =IF(AND($A15="", $D15<>""),"Missing Code",IF(AND($A15<>"",$D15=""),"Missing Qty","OK"))
B16: =IFERROR(VLOOKUP($A16,Items_DB!$A$2:$F$500,4,FALSE),"") | C16: =IFERROR(VLOOKUP($A16,Items_DB!$A$2:$F$500,5,FALSE),"") | E16: =IFERROR(VLOOKUP($A16,Items_DB!$A$2:$F$500,6,FALSE),0) | F16: =$D16*$E16 | G16: =IF(AND($A16="", $D16<>""),"Missing Code",IF(AND($A16<>"",$D16=""),"Missing Qty","OK"))
B17: =IFERROR(VLOOKUP($A17,Items_DB!$A$2:$F$500,4,FALSE),"") | C17: =IFERROR(VLOOKUP($A17,Items_DB!$A$2:$F$500,5,FALSE),"") | E17: =IFERROR(VLOOKUP($A17,Items_DB!$A$2:$F$500,6,FALSE),0) | F17: =$D17*$E17 | G17: =IF(AND($A17="", $D17<>""),"Missing Code",IF(AND($A17<>"",$D17=""),"Missing Qty","OK"))
B18: =IFERROR(VLOOKUP($A18,Items_DB!$A$2:$F$500,4,FALSE),"") | C18: =IFERROR(VLOOKUP($A18,Items_DB!$A$2:$F$500,5,FALSE),"") | E18: =IFERROR(VLOOKUP($A18,Items_DB!$A$2:$F$500,6,FALSE),0) | F18: =$D18*$E18 | G18: =IF(AND($A18="", $D18<>""),"Missing Code",IF(AND($A18<>"",$D18=""),"Missing Qty","OK"))
B19: =IFERROR(VLOOKUP($A19,Items_DB!$A$2:$F$500,4,FALSE),"") | C19: =IFERROR(VLOOKUP($A19,Items_DB!$A$2:$F$500,5,FALSE),"") | E19: =IFERROR(VLOOKUP($A19,Items_DB!$A$2:$F$500,6,FALSE),0) | F19: =$D19*$E19 | G19: =IF(AND($A19="", $D19<>""),"Missing Code",IF(AND($A19<>"",$D19=""),"Missing Qty","OK"))
B20: =IFERROR(VLOOKUP($A20,Items_DB!$A$2:$F$500,4,FALSE),"") | C20: =IFERROR(VLOOKUP($A20,Items_DB!$A$2:$F$500,5,FALSE),"") | E20: =IFERROR(VLOOKUP($A20,Items_DB!$A$2:$F$500,6,FALSE),0) | F20: =$D20*$E20 | G20: =IF(AND($A20="", $D20<>""),"Missing Code",IF(AND($A20<>"",$D20=""),"Missing Qty","OK"))
B21: =IFERROR(VLOOKUP($A21,Items_DB!$A$2:$F$500,4,FALSE),"") | C21: =IFERROR(VLOOKUP($A21,Items_DB!$A$2:$F$500,5,FALSE),"") | E21: =IFERROR(VLOOKUP($A21,Items_DB!$A$2:$F$500,6,FALSE),0) | F21: =$D21*$E21 | G21: =IF(AND($A21="", $D21<>""),"Missing Code",IF(AND($A21<>"",$D21=""),"Missing Qty","OK"))
B22: =IFERROR(VLOOKUP($A22,Items_DB!$A$2:$F$500,4,FALSE),"") | C22: =IFERROR(VLOOKUP($A22,Items_DB!$A$2:$F$500,5,FALSE),"") | E22: =IFERROR(VLOOKUP($A22,Items_DB!$A$2:$F$500,6,FALSE),0) | F22: =$D22*$E22 | G22: =IF(AND($A22="", $D22<>""),"Missing Code",IF(AND($A22<>"",$D22=""),"Missing Qty","OK"))
... B33: =IFERROR(VLOOKUP($A33,Items_DB!$A$2:$F$500,4,FALSE),"") | C33: =IFERROR(VLOOKUP($A33,Items_DB!$A$2:$F$500,5,FALSE),"") | E33: =IFERROR(VLOOKUP($A33,Items_DB!$A$2:$F$500,6,FALSE),0) | F33: =$D33*$E33 | G33: =IF(AND($A33="", $D33<>""),"Missing Code",IF(AND($A33<>"",$D33=""),"Missing Qty","OK"))
F36: Subtotal (Direct Costs) | G36: =SUM(F8:F33)
F37: Overhead | G37: =IF(Inputs!$B$8="Weekly",Inputs!$B$10*Inputs!$B$11,G36*Inputs!$B$9)
F38: Profit | G38: =(G36+G37)*Inputs!$B$12
F39: Tax | G39: =(G36+G37+G38)*Inputs!$B$13
F40: Grand Total | G40: =SUM(G36:G39)

Sheet Instructions
A1: Instructions
A3: Locale-safe workbook: formulas are stored using English function names and comma separators.
A4: Excel will display formulas translated to your locale automatically.
A6: Review flow: Inputs → Assembly_Builder (select assembly, set multiplier) → copy Item_Code & Qty into Estimate.
A8: Units: LS, EA, LF/LM, SF/m², CY/m³, LB/TON, HR/DAY/WK, GAL/L, SET.
